date,score,rating
2019-01-02,12.0,Extreme Fear
2019-01-03,10.0,Extreme Fear
2019-01-04,16.0,Extreme Fear
2019-01-07,19.0,Extreme Fear
2019-01-08,24.0,Extreme Fear
2019-01-09,27.0,Fear
2019-01-10,31.0,Fear
2019-01-11,30.0,Fear
2019-01-14,28.0,Fear
2019-01-15,31.0,Fear
2019-01-16,38.0,Fear
2019-01-17,44.0,Fear
2019-01-18,51.0,Greed
2019-01-22,51.0,Greed
2019-01-23,55.0,Greed
2019-01-24,58.0,Greed
2019-01-25,58.0,Greed
2019-01-28,55.0,Greed
2019-01-29,55.0,Greed
2019-01-30,58.0,Greed
2019-01-31,60.0,Greed
2019-02-01,61.0,Greed
2019-02-04,64.0,Greed
2019-02-05,64.0,Greed
2019-02-06,65.0,Greed
2019-02-07,62.0,Greed
2019-02-08,61.0,Greed
2019-02-11,62.0,Greed
2019-02-12,67.0,Greed
2019-02-13,67.0,Greed
2019-02-14,65.0,Greed
2019-02-15,70.0,Greed
2019-02-19,68.0,Greed
2019-02-20,70.0,Greed
2019-02-21,68.0,Greed
2019-02-22,69.0,Greed
2019-02-25,70.0,Greed
2019-02-26,70.0,Greed
2019-02-27,72.0,Greed
2019-02-28,72.0,Greed
2019-03-01,72.0,Greed
2019-03-04,66.0,Greed
2019-03-05,66.0,Greed
2019-03-06,63.0,Greed
2019-03-07,59.0,Greed
2019-03-08,55.0,Greed
2019-03-11,59.0,Greed
2019-03-12,58.0,Greed
2019-03-13,60.0,Greed
2019-03-14,60.0,Greed
2019-03-15,65.0,Greed
2019-03-18,65.0,Greed
2019-03-19,67.0,Greed
2019-03-20,62.0,Greed
2019-03-21,68.0,Greed
2019-03-22,59.0,Greed
2019-03-25,56.0,Greed
2019-03-26,54.0,Greed
2019-03-27,51.0,Greed
2019-03-28,48.0,Fear
2019-03-29,49.0,Fear
2019-04-01,54.0,Greed
2019-04-02,56.0,Greed
2019-04-03,62.0,Greed
2019-04-04,70.0,Greed
2019-04-05,74.0,Greed
2019-04-08,74.0,Greed
2019-04-09,70.0,Greed
2019-04-10,69.0,Greed
2019-04-11,68.0,Greed
2019-04-12,74.0,Greed
2019-04-15,68.0,Greed
2019-04-16,70.0,Greed
2019-04-17,71.0,Greed
2019-04-18,70.0,Greed
2019-04-22,71.0,Greed
2019-04-23,75.0,Extreme Greed
2019-04-24,70.0,Greed
2019-04-25,71.0,Greed
2019-04-26,72.0,Greed
2019-04-29,71.0,Greed
2019-04-30,66.0,Greed
2019-05-01,62.0,Greed
2019-05-02,59.0,Greed
2019-05-03,60.0,Greed
2019-05-06,55.0,Greed
2019-05-07,40.0,Fear
2019-05-08,42.0,Fear
2019-05-09,40.0,Fear
2019-05-10,44.0,Fear
2019-05-13,32.0,Fear
2019-05-14,35.0,Fear
2019-05-15,35.0,Fear
2019-05-16,39.0,Fear
2019-05-17,36.0,Fear
2019-05-20,34.0,Fear
2019-05-21,34.0,Fear
2019-05-22,32.0,Fear
2019-05-23,28.0,Fear
2019-05-24,27.0,Fear
2019-05-28,25.0,Fear
2019-05-29,23.0,Extreme Fear
2019-05-30,24.0,Extreme Fear
2019-05-31,24.0,Extreme Fear
2019-06-03,23.0,Extreme Fear
2019-06-04,26.0,Fear
2019-06-05,29.0,Fear
2019-06-06,29.0,Fear
2019-06-07,32.0,Fear
2019-06-10,37.0,Fear
2019-06-11,36.0,Fear
2019-06-12,34.0,Fear
2019-06-13,39.0,Fear
2019-06-14,38.0,Fear
2019-06-17,37.0,Fear
2019-06-18,44.0,Fear
2019-06-19,42.0,Fear
2019-06-20,45.0,Fear
2019-06-21,50.0,Neutral
2019-06-24,50.0,Neutral
2019-06-25,44.0,Fear
2019-06-26,48.0,Fear
2019-06-27,47.0,Fear
2019-06-28,50.0,Neutral
2019-07-01,55.0,Greed
2019-07-02,56.0,Greed
2019-07-03,63.0,Greed
2019-07-05,61.0,Greed
2019-07-08,59.0,Greed
2019-07-09,56.0,Greed
2019-07-10,58.0,Greed
2019-07-11,62.0,Greed
2019-07-12,64.0,Greed
2019-07-15,57.0,Greed
2019-07-16,55.0,Greed
2019-07-17,47.0,Fear
2019-07-18,47.0,Fear
2019-07-19,44.0,Fear
2019-07-22,44.0,Fear
2019-07-23,50.0,Neutral
2019-07-24,57.0,Greed
2019-07-25,55.0,Greed
2019-07-26,60.0,Greed
2019-07-29,58.0,Greed
2019-07-30,53.0,Greed
2019-07-31,48.0,Fear
2019-08-01,43.0,Fear
2019-08-02,36.0,Fear
2019-08-05,22.0,Extreme Fear
2019-08-06,27.0,Fear
2019-08-07,25.0,Fear
2019-08-08,25.0,Fear
2019-08-09,25.0,Fear
2019-08-12,23.0,Extreme Fear
2019-08-13,27.0,Fear
2019-08-14,21.0,Extreme Fear
2019-08-15,19.0,Extreme Fear
2019-08-16,20.0,Extreme Fear
2019-08-19,26.0,Fear
2019-08-20,23.0,Extreme Fear
2019-08-21,25.0,Fear
2019-08-22,25.0,Fear
2019-08-23,18.0,Extreme Fear
2019-08-26,19.0,Extreme Fear
2019-08-27,16.0,Extreme Fear
2019-08-28,18.0,Extreme Fear
2019-08-29,26.0,Fear
2019-08-30,23.0,Extreme Fear
2019-09-03,25.0,Fear
2019-09-04,28.0,Fear
2019-09-05,39.0,Fear
2019-09-06,35.0,Fear
2019-09-09,45.0,Fear
2019-09-10,55.0,Greed
2019-09-11,57.0,Greed
2019-09-12,65.0,Greed
2019-09-13,68.0,Greed
2019-09-16,67.0,Greed
2019-09-17,66.0,Greed
2019-09-18,66.0,Greed
2019-09-19,63.0,Greed
2019-09-20,58.0,Greed
2019-09-23,59.0,Greed
2019-09-24,54.0,Greed
2019-09-25,59.0,Greed
2019-09-26,57.0,Greed
2019-09-27,52.0,Greed
2019-09-30,54.0,Greed
2019-10-01,48.0,Fear
2019-10-02,34.0,Fear
2019-10-03,29.0,Fear
2019-10-04,32.0,Fear
2019-10-07,30.0,Fear
2019-10-08,29.0,Fear
2019-10-09,30.0,Fear
2019-10-10,36.0,Fear
2019-10-11,42.0,Fear
2019-10-14,42.0,Fear
2019-10-15,42.0,Fear
2019-10-16,47.0,Fear
2019-10-17,50.0,Neutral
2019-10-18,50.0,Neutral
2019-10-21,56.0,Greed
2019-10-22,59.0,Greed
2019-10-23,55.0,Greed
2019-10-24,57.0,Greed
2019-10-25,62.0,Greed
2019-10-28,67.0,Greed
2019-10-29,71.0,Greed
2019-10-30,75.0,Extreme Greed
2019-10-31,72.0,Greed
2019-11-01,80.0,Extreme Greed
2019-11-04,86.0,Extreme Greed
2019-11-05,89.0,Extreme Greed
2019-11-06,88.0,Extreme Greed
2019-11-07,91.0,Extreme Greed
2019-11-08,91.0,Extreme Greed
2019-11-11,89.0,Extreme Greed
2019-11-12,88.0,Extreme Greed
2019-11-13,87.0,Extreme Greed
2019-11-14,83.0,Extreme Greed
2019-11-15,87.0,Extreme Greed
2019-11-18,83.0,Extreme Greed
2019-11-19,80.0,Extreme Greed
2019-11-20,74.0,Greed
2019-11-21,70.0,Greed
2019-11-22,69.0,Greed
2019-11-25,70.0,Greed
2019-11-26,69.0,Greed
2019-11-27,78.0,Extreme Greed
2019-11-29,78.0,Extreme Greed
2019-12-02,74.0,Greed
2019-12-03,63.0,Greed
2019-12-04,67.0,Greed
2019-12-05,67.0,Greed
2019-12-06,70.0,Greed
2019-12-09,68.0,Greed
2019-12-10,65.0,Greed
2019-12-11,61.0,Greed
2019-12-12,74.0,Greed
2019-12-13,75.0,Extreme Greed
2019-12-16,82.0,Extreme Greed
2019-12-17,85.0,Extreme Greed
2019-12-18,87.0,Extreme Greed
2019-12-19,90.0,Extreme Greed
2019-12-20,91.0,Extreme Greed
2019-12-23,92.0,Extreme Greed
2019-12-24,91.0,Extreme Greed
2019-12-26,93.0,Extreme Greed
2019-12-27,91.0,Extreme Greed
2019-12-30,90.0,Extreme Greed
2019-12-31,93.0,Extreme Greed
2020-01-02,97.0,Extreme Greed
2020-01-03,93.0,Extreme Greed
2020-01-06,93.0,Extreme Greed
2020-01-07,89.0,Extreme Greed
2020-01-08,92.0,Extreme Greed
2020-01-09,93.0,Extreme Greed
2020-01-10,91.0,Extreme Greed
2020-01-13,90.0,Extreme Greed
2020-01-14,90.0,Extreme Greed
2020-01-15,86.0,Extreme Greed
2020-01-16,89.0,Extreme Greed
2020-01-17,89.0,Extreme Greed
2020-01-21,81.0,Extreme Greed
2020-01-22,74.0,Greed
2020-01-23,68.0,Greed
2020-01-24,62.0,Greed
2020-01-27,47.0,Fear
2020-01-28,53.0,Greed
2020-01-29,52.0,Greed
2020-01-30,56.0,Greed
2020-01-31,44.0,Fear
2020-02-03,46.0,Fear
2020-02-04,55.0,Greed
2020-02-05,60.0,Greed
2020-02-06,63.0,Greed
2020-02-07,57.0,Greed
2020-02-10,57.0,Greed
2020-02-11,56.0,Greed
2020-02-12,60.0,Greed
2020-02-13,58.0,Greed
2020-02-14,55.0,Greed
2020-02-18,51.0,Greed
2020-02-19,53.0,Greed
2020-02-20,49.0,Fear
2020-02-21,44.0,Fear
2020-02-24,29.0,Fear
2020-02-25,22.0,Extreme Fear
2020-02-26,21.0,Extreme Fear
2020-02-27,13.0,Extreme Fear
2020-02-28,10.0,Extreme Fear
2020-03-02,12.0,Extreme Fear
2020-03-03,10.0,Extreme Fear
2020-03-04,15.0,Extreme Fear
2020-03-05,9.0,Extreme Fear
2020-03-06,6.0,Extreme Fear
2020-03-09,3.0,Extreme Fear
2020-03-10,6.0,Extreme Fear
2020-03-11,4.0,Extreme Fear
2020-03-12,2.0,Extreme Fear
2020-03-13,5.0,Extreme Fear
2020-03-16,3.0,Extreme Fear
2020-03-17,5.0,Extreme Fear
2020-03-18,5.0,Extreme Fear
2020-03-19,7.0,Extreme Fear
2020-03-20,8.0,Extreme Fear
2020-03-23,5.0,Extreme Fear
2020-03-24,13.0,Extreme Fear
2020-03-25,17.0,Extreme Fear
2020-03-26,22.0,Extreme Fear
2020-03-27,23.0,Extreme Fear
2020-03-30,25.0,Fear
2020-03-31,25.0,Fear
2020-04-01,22.0,Extreme Fear
2020-04-02,22.0,Extreme Fear
2020-04-03,22.0,Extreme Fear
2020-04-06,32.0,Fear
2020-04-07,26.0,Fear
2020-04-08,33.0,Fear
2020-04-09,43.0,Fear
2020-04-13,36.0,Fear
2020-04-14,45.0,Fear
2020-04-15,41.0,Fear
2020-04-16,42.0,Fear
2020-04-17,44.0,Fear
2020-04-20,41.0,Fear
2020-04-21,40.0,Fear
2020-04-22,41.0,Fear
2020-04-23,40.0,Fear
2020-04-24,39.0,Fear
2020-04-27,43.0,Fear
2020-04-28,41.0,Fear
2020-04-29,46.0,Fear
2020-04-30,47.0,Fear
2020-05-01,42.0,Fear
2020-05-04,44.0,Fear
2020-05-05,44.0,Fear
2020-05-06,40.0,Fear
2020-05-07,41.0,Fear
2020-05-08,45.0,Fear
2020-05-11,44.0,Fear
2020-05-12,38.0,Fear
2020-05-13,38.0,Fear
2020-05-14,39.0,Fear
2020-05-15,39.0,Fear
2020-05-18,49.0,Fear
2020-05-19,47.0,Fear
2020-05-20,53.0,Greed
2020-05-21,52.0,Greed
2020-05-22,50.0,Neutral
2020-05-26,51.0,Greed
2020-05-27,54.0,Greed
2020-05-28,50.0,Neutral
2020-05-29,52.0,Greed
2020-06-01,58.0,Greed
2020-06-02,58.0,Greed
2020-06-03,61.0,Greed
2020-06-04,62.0,Greed
2020-06-05,66.0,Greed
2020-07-09,53.0,Greed
2020-07-10,59.0,Greed
2020-07-13,53.0,Greed
2020-07-14,62.0,Greed
2020-07-15,63.0,Greed
2020-07-16,62.0,Greed
2020-07-17,63.0,Greed
2020-07-20,66.0,Greed
2020-07-21,65.0,Greed
2020-07-22,65.0,Greed
2020-07-23,68.0,Greed
2020-07-24,63.0,Greed
2020-07-27,66.0,Greed
2020-07-28,62.0,Greed
2020-07-29,65.0,Greed
2020-07-30,61.0,Greed
2020-07-31,65.0,Greed
2020-08-03,67.0,Greed
2020-08-04,68.0,Greed
2020-08-05,70.0,Greed
2020-08-06,74.0,Greed
2020-08-07,72.0,Greed
2020-08-10,75.0,Extreme Greed
2020-08-11,71.0,Greed
2020-08-12,74.0,Greed
2020-08-13,72.0,Greed
2020-08-14,72.0,Greed
2020-08-17,71.0,Greed
2020-08-18,70.0,Greed
2020-08-19,68.0,Greed
2020-08-20,70.0,Greed
2020-08-21,70.0,Greed
2020-08-24,73.0,Greed
2020-08-25,74.0,Greed
2020-08-26,75.0,Extreme Greed
2020-08-27,76.0,Extreme Greed
2020-08-28,78.0,Extreme Greed
2020-08-31,74.0,Greed
2020-09-01,77.0,Extreme Greed
2020-09-02,78.0,Extreme Greed
2020-09-03,58.0,Greed
2020-09-04,59.0,Greed
2020-09-08,54.0,Greed
2020-09-09,66.0,Greed
2020-09-10,59.0,Greed
2020-09-11,58.0,Greed
2020-09-14,59.0,Greed
2020-09-15,59.0,Greed
2020-09-16,56.0,Greed
2020-09-17,53.0,Greed
2020-09-18,52.0,Greed
2020-09-21,51.0,Greed
2020-09-22,52.0,Greed
2020-09-23,46.0,Fear
2020-09-24,48.0,Fear
2020-09-25,49.0,Fear
2020-09-28,50.0,Neutral
2020-09-29,44.0,Fear
2020-09-30,45.0,Fear
2020-10-01,41.0,Fear
2020-10-02,40.0,Fear
2020-10-05,45.0,Fear
2020-10-06,44.0,Fear
2020-10-07,51.0,Greed
2020-10-08,53.0,Greed
2020-10-09,55.0,Greed
2020-10-12,60.0,Greed
2020-10-13,56.0,Greed
2020-10-14,55.0,Greed
2020-10-15,59.0,Greed
2020-10-16,62.0,Greed
2020-10-19,59.0,Greed
2020-10-20,58.0,Greed
2020-10-21,63.0,Greed
2020-10-22,69.0,Greed
2020-10-23,67.0,Greed
2020-10-26,44.0,Fear
2020-10-27,47.0,Fear
2020-10-28,33.0,Fear
2020-10-29,33.0,Fear
2020-10-30,29.0,Fear
2020-11-02,25.0,Fear
2020-11-03,32.0,Fear
2020-11-04,36.0,Fear
2020-11-05,41.0,Fear
2020-11-06,40.0,Fear
2020-11-09,54.0,Greed
2020-11-10,58.0,Greed
2020-11-11,66.0,Greed
2020-11-12,55.0,Greed
2020-11-13,59.0,Greed
2020-11-16,71.0,Greed
2020-11-17,67.0,Greed
2020-11-18,63.0,Greed
2020-11-19,64.0,Greed
2020-11-20,62.0,Greed
2020-11-23,75.0,Extreme Greed
2020-11-24,88.0,Extreme Greed
2020-11-25,91.0,Extreme Greed
2020-11-27,92.0,Extreme Greed
2020-11-30,88.0,Extreme Greed
2020-12-01,85.0,Extreme Greed
2020-12-02,87.0,Extreme Greed
2020-12-03,85.0,Extreme Greed
2020-12-04,89.0,Extreme Greed
2020-12-07,88.0,Extreme Greed
2020-12-08,82.0,Extreme Greed
2020-12-09,80.0,Extreme Greed
2020-12-10,77.0,Extreme Greed
2020-12-11,76.0,Extreme Greed
2020-12-14,69.0,Greed
2020-12-15,69.0,Greed
2020-12-16,69.0,Greed
2020-12-17,71.0,Greed
2020-12-18,63.0,Greed
2020-12-21,63.0,Greed
2020-12-22,59.0,Greed
2020-12-23,57.0,Greed
2020-12-24,54.0,Greed
2020-12-28,54.0,Greed
2020-12-29,52.0,Greed
2020-12-30,50.0,Neutral
2020-12-31,51.0,Greed
2021-01-04,52.0,Greed
2021-01-05,53.0,Greed
2021-01-06,59.0,Greed
2021-01-07,66.0,Greed
2021-01-08,71.0,Greed
2021-01-11,65.0,Greed
2021-01-12,69.0,Greed
2021-01-13,70.0,Greed
2021-01-14,67.0,Greed
2021-01-15,60.0,Greed
2021-01-19,61.0,Greed
2021-01-20,69.0,Greed
2021-01-21,63.0,Greed
2021-01-22,69.0,Greed
2021-01-25,66.0,Greed
2021-01-26,62.0,Greed
2021-01-27,40.0,Fear
2021-01-28,45.0,Fear
2021-01-29,38.0,Fear
2021-02-01,39.0,Fear
2021-02-02,58.0,Greed
2021-02-03,50.0,Neutral
2021-02-04,60.0,Greed
2021-02-05,60.0,Greed
2021-02-08,56.0,Greed
2021-02-09,65.0,Greed
2021-02-10,63.0,Greed
2021-02-11,66.0,Greed
2021-02-12,73.0,Greed
2021-02-16,71.0,Greed
2021-02-17,66.0,Greed
2021-02-18,59.0,Greed
2021-02-19,59.0,Greed
2021-02-22,58.0,Greed
2021-02-23,57.0,Greed
2021-02-24,63.0,Greed
2021-02-25,58.0,Greed
2021-02-26,48.0,Fear
2021-03-01,58.0,Greed
2021-03-02,50.0,Neutral
2021-03-03,43.0,Fear
2021-03-04,37.0,Fear
2021-03-05,41.0,Fear
2021-03-08,39.0,Fear
2021-03-09,43.0,Fear
2021-03-10,45.0,Fear
2021-03-11,50.0,Neutral
2021-03-12,53.0,Greed
2021-03-15,56.0,Greed
2021-03-16,54.0,Greed
2021-03-17,57.0,Greed
2021-03-18,52.0,Greed
2021-03-19,50.0,Neutral
2021-03-22,50.0,Neutral
2021-03-23,41.0,Fear
2021-03-24,37.0,Fear
2021-03-25,37.0,Fear
2021-03-26,37.0,Fear
2021-03-29,39.0,Fear
2021-03-30,42.0,Fear
2021-03-31,44.0,Fear
2021-04-01,46.0,Fear
2021-04-05,54.0,Greed
2021-04-06,53.0,Greed
2021-04-07,52.0,Greed
2021-04-08,48.0,Fear
2021-04-09,47.0,Fear
2021-04-12,43.0,Fear
2021-04-13,43.0,Fear
2021-04-14,39.0,Fear
2021-04-15,47.0,Fear
2021-04-16,51.0,Greed
2021-04-19,45.0,Fear
2021-04-20,42.0,Fear
2021-04-21,49.0,Fear
2021-04-22,46.0,Fear
2021-04-23,47.0,Fear
2021-04-26,50.0,Neutral
2021-04-27,54.0,Greed
2021-04-28,52.0,Greed
2021-04-29,56.0,Greed
2021-04-30,46.0,Fear
2021-05-03,47.0,Fear
2021-05-04,43.0,Fear
2021-05-05,43.0,Fear
2021-05-06,43.0,Fear
2021-05-07,48.0,Fear
2021-05-10,44.0,Fear
2021-05-11,42.0,Fear
2021-05-12,26.0,Fear
2021-05-13,34.0,Fear
2021-05-14,35.0,Fear
2021-05-17,36.0,Fear
2021-05-18,34.0,Fear
2021-05-19,32.0,Fear
2021-05-20,32.0,Fear
2021-05-21,29.0,Fear
2021-05-24,29.0,Fear
2021-05-25,26.0,Fear
2021-05-26,28.0,Fear
2021-05-27,30.0,Fear
2021-05-28,31.0,Fear
2021-06-01,35.0,Fear
2021-06-02,42.0,Fear
2021-06-03,40.0,Fear
2021-06-04,41.0,Fear
2021-06-07,44.0,Fear
2021-06-08,46.0,Fear
2021-06-09,48.0,Fear
2021-06-10,48.0,Fear
2021-06-11,51.0,Greed
2021-06-14,54.0,Greed
2021-06-15,52.0,Greed
2021-06-16,44.0,Fear
2021-06-17,42.0,Fear
2021-06-18,31.0,Fear
2021-06-21,32.0,Fear
2021-06-22,32.0,Fear
2021-06-23,33.0,Fear
2021-06-24,36.0,Fear
2021-06-25,41.0,Fear
2021-06-28,41.0,Fear
2021-06-29,39.0,Fear
2021-06-30,38.0,Fear
2021-07-01,38.0,Fear
2021-07-02,38.0,Fear
2021-07-06,33.0,Fear
2021-07-07,33.0,Fear
2021-07-08,26.0,Fear
2021-07-09,31.0,Fear
2021-07-12,31.0,Fear
2021-07-13,31.0,Fear
2021-07-14,29.0,Fear
2021-07-15,27.0,Fear
2021-07-16,26.0,Fear
2021-07-19,8.0,Extreme Fear
2021-07-20,20.0,Extreme Fear
2021-07-21,24.0,Extreme Fear
2021-07-22,24.0,Extreme Fear
2021-07-23,28.0,Fear
2021-07-26,30.0,Fear
2021-07-27,27.0,Fear
2021-07-28,27.0,Fear
2021-07-29,29.0,Fear
2021-07-30,25.0,Fear
2021-08-02,25.0,Fear
2021-08-03,29.0,Fear
2021-08-04,28.0,Fear
2021-08-05,29.0,Fear
2021-08-06,31.0,Fear
2021-08-09,32.0,Fear
2021-08-10,34.0,Fear
2021-08-11,37.0,Fear
2021-08-12,43.0,Fear
2021-08-13,47.0,Fear
2021-08-16,44.0,Fear
2021-08-17,31.0,Fear
2021-08-18,18.0,Extreme Fear
2021-08-19,14.0,Extreme Fear
2021-08-20,23.0,Extreme Fear
2021-08-23,30.0,Fear
2021-08-24,34.0,Fear
2021-08-25,36.0,Fear
2021-08-26,36.0,Fear
2021-08-27,47.0,Fear
2021-08-28,50.0,Neutral
2021-08-30,47.0,Fear
2021-08-31,47.0,Fear
2021-09-01,43.0,Fear
2021-09-02,44.0,Fear
2021-09-03,44.0,Fear
2021-09-06,54.0,Greed
2021-09-07,41.0,Fear
2021-09-08,38.0,Fear
2021-09-09,33.0,Fear
2021-09-10,20.0,Extreme Fear
2021-09-13,28.0,Fear
2021-09-14,24.0,Extreme Fear
2021-09-15,31.0,Fear
2021-09-16,31.0,Fear
2021-09-17,17.0,Extreme Fear
2021-09-20,11.0,Extreme Fear
2021-09-21,11.0,Extreme Fear
2021-09-22,20.0,Extreme Fear
2021-09-23,24.0,Extreme Fear
2021-09-24,23.0,Extreme Fear
2021-09-27,24.0,Extreme Fear
2021-09-28,12.0,Extreme Fear
2021-09-29,12.0,Extreme Fear
2021-09-30,9.0,Extreme Fear
2021-10-01,18.0,Extreme Fear
2021-10-04,9.0,Extreme Fear
2021-10-05,18.0,Extreme Fear
2021-10-06,20.0,Extreme Fear
2021-10-07,24.0,Extreme Fear
2021-10-08,25.0,Fear
2021-10-11,25.0,Fear
2021-10-12,22.0,Extreme Fear
2021-10-13,24.0,Extreme Fear
2021-10-14,31.0,Fear
2021-10-15,43.0,Fear
2021-10-18,46.0,Fear
2021-10-19,53.0,Greed
2021-10-20,56.0,Greed
2021-10-21,60.0,Greed
2021-10-22,59.0,Greed
2021-10-25,62.0,Greed
2021-10-26,63.0,Greed
2021-10-27,58.0,Greed
2021-10-28,64.0,Greed
2021-10-29,65.0,Greed
2021-11-01,66.0,Greed
2021-11-02,68.0,Greed
2021-11-03,72.0,Greed
2021-11-04,72.0,Greed
2021-11-05,73.0,Greed
2021-11-08,74.0,Greed
2021-11-09,77.0,Extreme Greed
2021-11-10,73.0,Greed
2021-11-11,72.0,Greed
2021-11-12,74.0,Greed
2021-11-15,71.0,Greed
2021-11-16,72.0,Greed
2021-11-17,69.0,Greed
2021-11-18,70.0,Greed
2021-11-19,62.0,Greed
2021-11-22,60.0,Greed
2021-11-23,60.0,Greed
2021-11-24,56.0,Greed
2021-11-25,64.0,Greed
2021-11-26,31.0,Fear
2021-11-29,38.0,Fear
2021-11-30,24.0,Extreme Fear
2021-12-01,25.0,Fear
2021-12-02,22.0,Extreme Fear
2021-12-03,20.0,Extreme Fear
2021-12-06,21.0,Extreme Fear
2021-12-07,37.0,Fear
2021-12-08,41.0,Fear
2021-12-09,36.0,Fear
2021-12-10,42.0,Fear
2021-12-13,35.0,Fear
2021-12-14,31.0,Fear
2021-12-15,37.0,Fear
2021-12-16,33.0,Fear
2021-12-17,32.0,Fear
2021-12-20,29.0,Fear
2021-12-21,34.0,Fear
2021-12-22,39.0,Fear
2021-12-23,50.0,Neutral
2021-12-24,40.0,Fear
2021-12-27,56.0,Greed
2021-12-28,62.0,Greed
2021-12-29,64.0,Greed
2021-12-30,63.0,Greed
2021-12-31,62.0,Greed
2022-01-03,65.0,Greed
2022-01-04,64.0,Greed
2022-01-05,51.0,Greed
2022-01-06,52.0,Greed
2022-01-07,49.0,Fear
2022-01-10,51.0,Greed
2022-01-11,56.0,Greed
2022-01-12,55.0,Greed
2022-01-13,52.0,Greed
2022-01-14,55.0,Greed
2022-01-18,53.0,Greed
2022-01-19,44.0,Fear
2022-01-20,39.0,Fear
2022-01-21,26.0,Fear
2022-01-24,23.0,Extreme Fear
2022-01-25,20.0,Extreme Fear
2022-01-26,19.0,Extreme Fear
2022-01-27,18.0,Extreme Fear
2022-01-28,23.0,Extreme Fear
2022-01-31,29.0,Fear
2022-02-01,30.0,Fear
2022-02-02,28.0,Fear
2022-02-03,26.0,Fear
2022-02-04,27.0,Fear
2022-02-07,27.0,Fear
2022-02-08,28.0,Fear
2022-02-09,32.0,Fear
2022-02-10,33.0,Fear
2022-02-11,28.0,Fear
2022-02-14,25.0,Fear
2022-02-15,29.0,Fear
2022-02-16,32.0,Fear
2022-02-17,32.0,Fear
2022-02-18,29.0,Fear
2022-02-22,28.0,Fear
2022-02-23,18.0,Extreme Fear
2022-02-24,21.0,Extreme Fear
2022-02-25,28.0,Fear
2022-02-28,25.0,Fear
2022-03-01,22.0,Extreme Fear
2022-03-02,17.0,Extreme Fear
2022-03-03,21.0,Extreme Fear
2022-03-04,18.0,Extreme Fear
2022-03-07,16.0,Extreme Fear
2022-03-08,16.0,Extreme Fear
2022-03-09,18.0,Extreme Fear
2022-03-10,17.0,Extreme Fear
2022-03-11,19.0,Extreme Fear
2022-03-14,17.0,Extreme Fear
2022-03-15,21.0,Extreme Fear
2022-03-16,25.0,Fear
2022-03-17,33.0,Fear
2022-03-18,38.0,Fear
2022-03-21,40.0,Fear
2022-03-22,44.0,Fear
2022-03-23,45.0,Fear
2022-03-24,46.0,Fear
2022-03-25,49.0,Fear
2022-03-28,51.0,Greed
2022-03-29,52.0,Greed
2022-03-30,52.0,Greed
2022-03-31,59.0,Greed
2022-04-01,59.0,Greed
2022-04-04,61.0,Greed
2022-04-05,47.0,Fear
2022-04-06,46.0,Fear
2022-04-07,46.0,Fear
2022-04-08,46.0,Fear
2022-04-11,43.0,Fear
2022-04-12,42.0,Fear
2022-04-13,41.0,Fear
2022-04-14,39.0,Fear
2022-04-18,37.0,Fear
2022-04-19,39.0,Fear
2022-04-20,43.0,Fear
2022-04-21,38.0,Fear
2022-04-22,31.0,Fear
2022-04-25,29.0,Fear
2022-04-26,17.0,Extreme Fear
2022-04-27,16.0,Extreme Fear
2022-04-28,24.0,Extreme Fear
2022-04-29,14.0,Extreme Fear
2022-05-02,13.0,Extreme Fear
2022-05-03,30.0,Fear
2022-05-04,22.0,Extreme Fear
2022-05-05,13.0,Extreme Fear
2022-05-06,12.0,Extreme Fear
2022-05-09,8.0,Extreme Fear
2022-05-10,7.0,Extreme Fear
2022-05-11,4.0,Extreme Fear
2022-05-12,3.0,Extreme Fear
2022-05-13,11.0,Extreme Fear
2022-05-16,11.0,Extreme Fear
2022-05-17,15.0,Extreme Fear
2022-05-18,6.0,Extreme Fear
2022-05-19,13.0,Extreme Fear
2022-05-20,12.0,Extreme Fear
2022-05-23,17.0,Extreme Fear
2022-05-24,16.0,Extreme Fear
2022-05-25,17.0,Extreme Fear
2022-05-26,24.0,Extreme Fear
2022-05-27,29.0,Fear
2022-05-31,40.0,Fear
2022-06-01,40.0,Fear
2022-06-02,44.0,Fear
2022-06-03,35.0,Fear
2022-06-06,42.0,Fear
2022-06-07,45.0,Fear
2022-06-08,48.0,Fear
2022-06-09,47.0,Fear
2022-06-10,40.0,Fear
2022-06-13,25.0,Fear
2022-06-14,20.0,Extreme Fear
2022-06-15,29.0,Fear
2022-06-16,17.0,Extreme Fear
2022-06-17,16.0,Extreme Fear
2022-06-21,19.0,Extreme Fear
2022-06-22,26.0,Fear
2022-06-23,26.0,Fear
2022-06-24,30.0,Fear
2022-06-27,30.0,Fear
2022-06-28,28.0,Fear
2022-06-29,26.0,Fear
2022-06-30,24.0,Extreme Fear
2022-07-01,24.0,Extreme Fear
2022-07-05,22.0,Extreme Fear
2022-07-06,22.0,Extreme Fear
2022-07-07,27.0,Fear
2022-07-08,31.0,Fear
2022-07-11,30.0,Fear
2022-07-12,30.0,Fear
2022-07-13,27.0,Fear
2022-07-14,26.0,Fear
2022-07-15,33.0,Fear
2022-07-18,35.0,Fear
2022-07-19,39.0,Fear
2022-07-20,44.0,Fear
2022-07-21,48.0,Fear
2022-07-22,42.0,Fear
2022-07-25,42.0,Fear
2022-07-26,42.0,Fear
2022-07-27,46.0,Fear
2022-07-28,48.0,Fear
2022-07-29,52.0,Greed
2022-08-01,59.0,Greed
2022-08-02,57.0,Greed
2022-08-03,60.0,Greed
2022-08-04,61.0,Greed
2022-08-05,63.0,Greed
2022-08-08,64.0,Greed
2022-08-09,64.0,Greed
2022-08-10,65.0,Greed
2022-08-11,65.0,Greed
2022-08-12,68.0,Greed
2022-08-15,66.0,Greed
2022-08-16,67.0,Greed
2022-08-17,67.0,Greed
2022-08-18,66.0,Greed
2022-08-19,63.0,Greed
2022-08-22,60.0,Greed
2022-08-23,57.0,Greed
2022-08-24,57.0,Greed
2022-08-25,58.0,Greed
2022-08-26,55.0,Greed
2022-08-29,54.0,Greed
2022-08-30,49.0,Fear
2022-08-31,52.0,Greed
2022-09-01,49.0,Fear
2022-09-02,42.0,Fear
2022-09-06,40.0,Fear
2022-09-07,39.0,Fear
2022-09-08,40.0,Fear
2022-09-09,43.0,Fear
2022-09-12,47.0,Fear
2022-09-13,36.0,Fear
2022-09-14,41.0,Fear
2022-09-15,40.0,Fear
2022-09-16,35.0,Fear
2022-09-19,36.0,Fear
2022-09-20,36.0,Fear
2022-09-21,27.0,Fear
2022-09-22,24.0,Extreme Fear
2022-09-23,21.0,Extreme Fear
2022-09-26,17.0,Extreme Fear
2022-09-27,16.0,Extreme Fear
2022-09-28,17.0,Extreme Fear
2022-09-29,13.0,Extreme Fear
2022-09-30,16.0,Extreme Fear
2022-10-03,20.0,Extreme Fear
2022-10-04,27.0,Fear
2022-10-05,29.0,Fear
2022-10-06,23.0,Extreme Fear
2022-10-07,19.0,Extreme Fear
2022-10-10,19.0,Extreme Fear
2022-10-11,16.0,Extreme Fear
2022-10-12,15.0,Extreme Fear
2022-10-13,19.0,Extreme Fear
2022-10-14,16.0,Extreme Fear
2022-10-17,23.0,Extreme Fear
2022-10-18,28.0,Fear
2022-10-19,29.0,Fear
2022-10-20,39.0,Fear
2022-10-21,43.0,Fear
2022-10-24,47.0,Fear
2022-10-25,51.0,Greed
2022-10-26,53.0,Greed
2022-10-27,54.0,Greed
2022-10-28,57.0,Greed
2022-10-31,64.0,Greed
2022-11-01,63.0,Greed
2022-11-02,55.0,Greed
2022-11-03,55.0,Greed
2022-11-04,56.0,Greed
2022-11-07,59.0,Greed
2022-11-08,57.0,Greed
2022-11-09,54.0,Greed
2022-11-10,60.0,Greed
2022-11-11,63.0,Greed
2022-11-14,62.0,Greed
2022-11-15,66.0,Greed
2022-11-16,65.0,Greed
2022-11-17,61.0,Greed
2022-11-18,60.0,Greed
2022-11-21,60.0,Greed
2022-11-22,60.0,Greed
2022-11-23,64.0,Greed
2022-11-25,63.0,Greed
2022-11-28,59.0,Greed
2022-11-29,58.0,Greed
2022-11-30,73.0,Greed
2022-12-01,75.0,Extreme Greed
2022-12-02,68.0,Greed
2022-12-05,65.0,Greed
2022-12-06,61.0,Greed
2022-12-07,58.0,Greed
2022-12-08,55.0,Greed
2022-12-09,52.0,Greed
2022-12-12,57.0,Greed
2022-12-13,59.0,Greed
2022-12-14,60.0,Greed
2022-12-15,60.0,Greed
2022-12-16,44.0,Fear
2022-12-19,39.0,Fear
2022-12-20,38.0,Fear
2022-12-21,38.0,Fear
2022-12-22,37.0,Fear
2022-12-23,39.0,Fear
2022-12-27,39.0,Fear
2022-12-28,35.0,Fear
2022-12-29,37.0,Fear
2022-12-30,36.0,Fear
2023-01-03,36.0,Fear
2023-01-04,39.0,Fear
2023-01-05,44.0,Fear
2023-01-06,45.0,Fear
2023-01-09,47.0,Fear
2023-01-10,49.0,Fear
2023-01-11,54.0,Greed
2023-01-12,56.0,Greed
2023-01-13,61.0,Greed
2023-01-17,64.0,Greed
2023-01-18,58.0,Greed
2023-01-19,55.0,Greed
2023-01-20,58.0,Greed
2023-01-23,63.0,Greed
2023-01-24,63.0,Greed
2023-01-25,63.0,Greed
2023-01-26,68.0,Greed
2023-01-27,69.0,Greed
2023-01-30,67.0,Greed
2023-01-31,70.0,Greed
2023-02-01,82.0,Extreme Greed
2023-02-02,75.0,Extreme Greed
2023-02-03,76.0,Extreme Greed
2023-02-06,75.0,Extreme Greed
2023-02-07,76.0,Extreme Greed
2023-02-08,74.0,Greed
2023-02-09,72.0,Greed
2023-02-10,72.0,Greed
2023-02-13,71.0,Greed
2023-02-14,73.0,Greed
2023-02-15,73.0,Greed
2023-02-16,70.0,Greed
2023-02-17,69.0,Greed
2023-02-21,65.0,Greed
2023-02-22,64.0,Greed
2023-02-23,62.0,Greed
2023-02-24,60.0,Greed
2023-02-27,61.0,Greed
2023-02-28,61.0,Greed
2023-03-01,65.0,Greed
2023-03-02,52.0,Greed
2023-03-03,55.0,Greed
2023-03-06,55.0,Greed
2023-03-07,48.0,Fear
2023-03-08,49.0,Fear
2023-03-09,37.0,Fear
2023-03-10,26.0,Fear
2023-03-13,23.0,Extreme Fear
2023-03-14,25.0,Fear
2023-03-15,22.0,Extreme Fear
2023-03-16,32.0,Fear
2023-03-17,27.0,Fear
2023-03-20,30.0,Fear
2023-03-21,43.0,Fear
2023-03-22,41.0,Fear
2023-03-23,38.0,Fear
2023-03-24,37.0,Fear
2023-03-27,40.0,Fear
2023-03-28,39.0,Fear
2023-03-29,41.0,Fear
2023-03-30,45.0,Fear
2023-03-31,49.0,Fear
2023-04-03,61.0,Greed
2023-04-04,50.0,Neutral
2023-04-05,52.0,Greed
2023-04-06,55.0,Greed
2023-04-10,57.0,Greed
2023-04-11,58.0,Greed
2023-04-12,60.0,Greed
2023-04-13,63.0,Greed
2023-04-14,65.0,Greed
2023-04-17,67.0,Greed
2023-04-18,65.0,Greed
2023-04-19,67.0,Greed
2023-04-20,64.0,Greed
2023-04-21,63.0,Greed
2023-04-24,63.0,Greed
2023-04-25,57.0,Greed
2023-04-26,52.0,Greed
2023-04-27,58.0,Greed
2023-04-28,59.0,Greed
2023-05-01,59.0,Greed
2023-05-02,55.0,Greed
2023-05-03,54.0,Greed
2023-05-04,49.0,Fear
2023-05-05,53.0,Greed
2023-05-08,57.0,Greed
2023-05-09,59.0,Greed
2023-05-10,59.0,Greed
2023-05-11,59.0,Greed
2023-05-12,57.0,Greed
2023-05-15,57.0,Greed
2023-05-16,55.0,Greed
2023-05-17,60.0,Greed
2023-05-18,64.0,Greed
2023-05-19,65.0,Greed
2023-05-22,67.0,Greed
2023-05-23,65.0,Greed
2023-05-24,61.0,Greed
2023-05-25,62.0,Greed
2023-05-26,65.0,Greed
2023-05-30,66.0,Greed
2023-05-31,64.0,Greed
2023-06-01,68.0,Greed
2023-06-02,75.0,Extreme Greed
2023-06-05,69.0,Greed
2023-06-06,73.0,Greed
2023-06-07,74.0,Greed
2023-06-08,75.0,Extreme Greed
2023-06-09,76.0,Extreme Greed
2023-06-12,78.0,Extreme Greed
2023-06-13,79.0,Extreme Greed
2023-06-14,79.0,Extreme Greed
2023-06-15,80.0,Extreme Greed
2023-06-16,81.0,Extreme Greed
2023-06-20,80.0,Extreme Greed
2023-06-21,80.0,Extreme Greed
2023-06-22,80.0,Extreme Greed
2023-06-23,75.0,Extreme Greed
2023-06-26,73.0,Greed
2023-06-27,75.0,Extreme Greed
2023-06-28,76.0,Extreme Greed
2023-06-29,79.0,Extreme Greed
2023-06-30,79.0,Extreme Greed
2023-07-03,82.0,Extreme Greed
2023-07-05,79.0,Extreme Greed
2023-07-06,77.0,Extreme Greed
2023-07-07,77.0,Extreme Greed
2023-07-10,76.0,Extreme Greed
2023-07-11,78.0,Extreme Greed
2023-07-12,78.0,Extreme Greed
2023-07-13,79.0,Extreme Greed
2023-07-14,79.0,Extreme Greed
2023-07-17,80.0,Extreme Greed
2023-07-18,81.0,Extreme Greed
2023-07-19,82.0,Extreme Greed
2023-07-20,80.0,Extreme Greed
2023-07-21,81.0,Extreme Greed
2023-07-24,82.0,Extreme Greed
2023-07-25,81.0,Extreme Greed
2023-07-26,80.0,Extreme Greed
2023-07-27,77.0,Extreme Greed
2023-07-28,76.0,Extreme Greed
2023-07-31,77.0,Extreme Greed
2023-08-01,77.0,Extreme Greed
2023-08-02,77.0,Extreme Greed
2023-08-03,73.0,Greed
2023-08-04,64.0,Greed
2023-08-07,72.0,Greed
2023-08-08,69.0,Greed
2023-08-09,67.0,Greed
2023-08-10,66.0,Greed
2023-08-11,65.0,Greed
2023-08-14,66.0,Greed
2023-08-15,54.0,Greed
2023-08-16,49.0,Fear
2023-08-17,46.0,Fear
2023-08-18,43.0,Fear
2023-08-21,43.0,Fear
2023-08-22,43.0,Fear
2023-08-23,50.0,Neutral
2023-08-24,40.0,Fear
2023-08-25,47.0,Fear
2023-08-28,45.0,Fear
2023-08-29,49.0,Fear
2023-08-30,50.0,Neutral
2023-08-31,52.0,Greed
2023-09-01,55.0,Greed
2023-09-05,59.0,Greed
2023-09-06,56.0,Greed
2023-09-07,53.0,Greed
2023-09-08,51.0,Greed
2023-09-11,52.0,Greed
2023-09-12,51.0,Greed
2023-09-13,51.0,Greed
2023-09-14,54.0,Greed
2023-09-15,52.0,Greed
2023-09-18,49.0,Fear
2023-09-19,49.0,Fear
2023-09-20,48.0,Fear
2023-09-21,37.0,Fear
2023-09-22,33.0,Fear
2023-09-25,38.0,Fear
2023-09-26,24.0,Extreme Fear
2023-09-27,22.0,Extreme Fear
2023-09-28,29.0,Fear
2023-09-29,28.0,Fear
2023-10-02,28.0,Fear
2023-10-03,20.0,Extreme Fear
2023-10-04,20.0,Extreme Fear
2023-10-05,20.0,Extreme Fear
2023-10-06,27.0,Fear
2023-10-09,29.0,Fear
2023-10-10,32.0,Fear
2023-10-11,34.0,Fear
2023-10-12,35.0,Fear
2023-10-13,26.0,Fear
2023-10-16,35.0,Fear
2023-10-17,39.0,Fear
2023-10-18,30.0,Fear
2023-10-19,29.0,Fear
2023-10-20,22.0,Extreme Fear
2023-10-23,25.0,Fear
2023-10-24,33.0,Fear
2023-10-25,25.0,Fear
2023-10-26,22.0,Extreme Fear
2023-10-27,21.0,Extreme Fear
2023-10-30,29.0,Fear
2023-10-31,30.0,Fear
2023-11-01,32.0,Fear
2023-11-02,37.0,Fear
2023-11-03,36.0,Fear
2023-11-06,38.0,Fear
2023-11-07,39.0,Fear
2023-11-08,39.0,Fear
2023-11-09,41.0,Fear
2023-11-10,41.0,Fear
2023-11-13,39.0,Fear
2023-11-14,46.0,Fear
2023-11-15,52.0,Greed
2023-11-16,55.0,Greed
2023-11-17,58.0,Greed
2023-11-20,61.0,Greed
2023-11-21,61.0,Greed
2023-11-22,65.0,Greed
2023-11-24,66.0,Greed
2023-11-27,65.0,Greed
2023-11-28,65.0,Greed
2023-11-29,63.0,Greed
2023-11-30,64.0,Greed
2023-12-01,64.0,Greed
2023-12-04,63.0,Greed
2023-12-05,65.0,Greed
2023-12-06,63.0,Greed
2023-12-07,66.0,Greed
2023-12-08,65.0,Greed
2023-12-11,67.0,Greed
2023-12-12,67.0,Greed
2023-12-13,67.0,Greed
2023-12-14,70.0,Greed
2023-12-15,80.0,Extreme Greed
2023-12-18,77.0,Extreme Greed
2023-12-19,77.0,Extreme Greed
2023-12-20,71.0,Greed
2023-12-21,76.0,Extreme Greed
2023-12-22,78.0,Extreme Greed
2023-12-26,80.0,Extreme Greed
2023-12-27,76.0,Extreme Greed
2023-12-28,78.0,Extreme Greed
2023-12-29,76.0,Extreme Greed
2024-01-01,76.43,extreme greed
2024-01-02,79.71,Extreme Greed
2024-01-03,76.71,Extreme Greed
2024-01-04,78.69,Extreme Greed
2024-01-05,75.77,Extreme Greed
2024-01-08,76.17,Extreme Greed
2024-01-09,75.69,Extreme Greed
2024-01-10,76.37,Extreme Greed
2024-01-11,74.66,Extreme Greed
2024-01-12,73.09,Greed
2024-01-15,70.89,greed
2024-01-16,72.29,Greed
2024-01-17,57.21,Greed
2024-01-18,66.46,Greed
2024-01-19,72.83,Greed
2024-01-22,72.86,Greed
2024-01-23,70.26,Greed
2024-01-24,72.49,Greed
2024-01-25,73.23,Greed
2024-01-26,73.8,Greed
2024-01-29,74.11,Extreme Greed
2024-01-30,74.23,Extreme Greed
2024-01-31,64.11,Greed
2024-02-01,72.34,Greed
2024-02-02,74.6,Extreme Greed
2024-02-05,73.31,Greed
2024-02-06,73.2,Greed
2024-02-07,73.77,Greed
2024-02-08,74.6,Extreme Greed
2024-02-09,75.43,Extreme Greed
2024-02-12,75.83,Extreme Greed
2024-02-13,66.74,Greed
2024-02-14,67.51,Greed
2024-02-15,73.86,Greed
2024-02-16,73.49,Greed
2024-02-20,63.74,Greed
2024-02-21,63.7,Greed
2024-02-22,73.94,Greed
2024-02-23,73.34,Greed
2024-02-26,71.91,Greed
2024-02-27,75.77,Extreme Greed
2024-02-28,76.77,Extreme Greed
2024-02-29,77.46,Extreme Greed
2024-03-01,76.83,Extreme Greed
2024-03-04,79.23,Extreme Greed
2024-03-05,76.11,Extreme Greed
2024-03-06,72.54,Greed
2024-03-07,73.86,Greed
2024-03-08,70.03,Greed
2024-03-09,76.26,extreme greed
2024-03-10,18.65,extreme fear
2024-03-11,62.77,Greed
2024-03-12,72.2,Greed
2024-03-13,71.77,Greed
2024-03-14,70.4,Greed
2024-03-15,68.63,Greed
2024-03-18,70.74,Greed
2024-03-19,70.86,Greed
2024-03-20,69.63,Greed
2024-03-21,71.37,Greed
2024-03-22,69.51,Greed
2024-03-25,67.43,Greed
2024-03-26,67.91,Greed
2024-03-27,69.77,Greed
2024-03-28,68.77,Greed
2024-03-31,77.77,extreme greed
2024-04-01,71.26,Greed
2024-04-02,71.14,Greed
2024-04-03,69.4,Greed
2024-04-04,53.8,Greed
2024-04-05,58.1,Greed
2024-04-08,64.03,Greed
2024-04-09,59.63,Greed
2024-04-10,49.67,Greed
2024-04-11,56.66,Greed
2024-04-12,45.01,Fear
2024-04-15,38.4,Fear
2024-04-16,35.11,Fear
2024-04-17,31.16,Fear
2024-04-18,30.4,Fear
2024-04-19,27.67,Fear
2024-04-22,34.17,Fear
2024-04-23,36.57,Fear
2024-04-24,37.49,Fear
2024-04-25,39.09,Fear
2024-04-26,40.51,Fear
2024-04-29,42.43,Fear
2024-04-30,40.54,Fear
2024-05-01,40.51,Fear
2024-05-02,42.23,Fear
2024-05-03,43.26,Fear
2024-05-06,39.0,Fear
2024-05-07,37.17,Fear
2024-05-08,38.17,Fear
2024-05-09,42.23,Fear
2024-05-10,46.03,Fear
2024-05-11,47.51,neutral
2024-05-13,48.11,Fear
2024-05-14,55.29,Greed
2024-05-15,59.37,Greed
2024-05-16,62.31,Greed
2024-05-17,62.8,Greed
2024-05-20,60.43,Greed
2024-05-21,59.43,Greed
2024-05-22,58.51,Greed
2024-05-23,52.37,Greed
2024-05-24,51.74,Greed
2024-05-26,53.14,neutral
2024-05-28,54.69,Greed
2024-05-29,49.97,Greed
2024-05-30,45.09,Fear
2024-05-31,48.43,Fear
2024-06-03,45.49,Fear
2024-06-04,47.63,Fear
2024-06-05,51.14,Greed
2024-06-06,45.31,Fear
2024-06-07,43.4,Fear
2024-06-10,44.74,Fear
2024-06-11,44.4,Fear
2024-06-12,46.57,Fear
2024-06-13,44.57,Fear
2024-06-14,41.11,Fear
2024-06-17,43.29,Fear
2024-06-18,41.29,Fear
2024-06-20,38.71,Fear
2024-06-21,39.06,Fear
2024-06-24,37.77,Fear
2024-06-25,37.29,Fear
2024-06-26,40.89,Fear
2024-06-27,45.51,Fear
2024-06-28,44.31,Fear
2024-07-01,47.94,Fear
2024-07-02,49.74,Greed
2024-07-03,48.37,Fear
2024-07-05,49.71,Greed
2024-07-07,53.94,neutral
2024-07-08,51.06,Greed
2024-07-09,50.57,Greed
2024-07-10,54.6,Greed
2024-07-11,49.4,Greed
2024-07-12,54.37,Greed
2024-07-13,56.49,greed
2024-07-15,57.74,Greed
2024-07-16,57.03,Greed
2024-07-17,46.11,Fear
2024-07-18,45.94,Fear
2024-07-19,43.0,Fear
2024-07-22,48.43,Fear
2024-07-23,46.86,Fear
2024-07-24,38.61,Fear
2024-07-25,39.07,Fear
2024-07-26,42.54,Fear
2024-07-27,45.26,neutral
2024-07-29,42.07,Fear
2024-07-30,40.8,Fear
2024-07-31,46.89,Fear
2024-08-01,42.69,Fear
2024-08-02,41.39,Fear
2024-08-05,33.06,Fear
2024-08-06,19.01,Extreme Fear
2024-08-07,16.56,Extreme Fear
2024-08-08,17.66,Extreme Fear
2024-08-09,24.09,Fear
2024-08-10,23.94,extreme fear
2024-08-12,23.8,Extreme Fear
2024-08-13,25.51,Fear
2024-08-14,26.43,Fear
2024-08-15,32.37,Fear
2024-08-16,33.74,Fear
2024-08-17,18.56,extreme fear
2024-08-19,39.89,Fear
2024-08-20,44.69,Fear
2024-08-21,50.23,Greed
2024-08-22,46.77,Fear
2024-08-23,51.57,Greed
2024-08-26,52.94,Greed
2024-08-27,52.29,Greed
2024-08-28,51.09,Greed
2024-08-29,56.06,Greed
2024-08-30,60.31,Greed
2024-08-31,18.56,extreme fear
2024-09-03,56.34,Greed
2024-09-04,56.63,Greed
2024-09-05,50.63,Greed
2024-09-06,39.34,Fear
2024-09-09,41.97,Fear
2024-09-10,39.69,Fear
2024-09-11,43.09,Fear
2024-09-12,42.97,Fear
2024-09-13,48.63,Fear
2024-09-16,50.31,Greed
2024-09-17,54.63,Greed
2024-09-18,55.17,Greed
2024-09-19,63.8,Greed
2024-09-20,61.2,Greed
2024-09-21,62.91,greed
2024-09-23,63.86,Greed
2024-09-24,66.43,Greed
2024-09-25,65.74,Greed
2024-09-26,70.74,Greed
2024-09-27,67.31,Greed
2024-09-30,73.69,Greed
2024-10-01,70.31,Greed
2024-10-02,70.57,Greed
2024-10-03,69.43,Greed
2024-10-04,71.4,Greed
2024-10-06,73.69,greed
2024-10-07,70.83,Greed
2024-10-08,71.17,Greed
2024-10-09,71.14,Greed
2024-10-10,70.29,Greed
2024-10-11,71.66,Greed
2024-10-14,74.23,Extreme Greed
2024-10-15,71.14,Greed
2024-10-16,69.03,Greed
2024-10-17,68.57,Greed
2024-10-18,72.43,Greed
2024-10-21,69.8,Greed
2024-10-22,70.37,Greed
2024-10-23,63.2,Greed
2024-10-24,62.94,Greed
2024-10-25,58.74,Greed
2024-10-28,60.86,Greed
2024-10-29,60.06,Greed
2024-10-30,57.2,Greed
2024-10-31,40.46,Fear
2024-11-01,50.49,Greed
2024-11-04,42.43,Fear
2024-11-05,43.54,Fear
2024-11-06,44.0,Fear
2024-11-07,59.06,Greed
2024-11-08,59.43,Greed
2024-11-11,66.6,Greed
2024-11-12,66.71,Greed
2024-11-13,66.31,Greed
2024-11-14,60.31,Greed
2024-11-15,51.2,Greed
2024-11-18,50.29,Greed
2024-11-19,49.51,Greed
2024-11-20,49.51,Greed
2024-11-21,56.6,Greed
2024-11-22,60.71,Greed
2024-11-25,62.89,Greed
2024-11-26,65.91,Greed
2024-11-27,64.4,Greed
2024-11-28,64.34,greed
2024-11-29,65.0,Greed
2024-12-02,65.31,Greed
2024-12-03,59.57,Greed
2024-12-04,57.49,Greed
2024-12-05,54.91,Greed
2024-12-06,52.14,Greed
2024-12-07,53.0,neutral
2024-12-09,49.26,Greed
2024-12-10,46.97,Fear
2024-12-11,49.2,Greed
2024-12-12,47.11,Fear
2024-12-13,49.11,Greed
2024-12-16,56.06,Greed
2024-12-17,51.4,Greed
2024-12-18,33.13,Fear
2024-12-19,19.51,Extreme Fear
2024-12-20,27.6,Fear
2024-12-21,28.09,fear
2024-12-23,30.14,Fear
2024-12-24,34.51,Fear
2024-12-26,34.17,Fear
2024-12-27,33.83,Fear
2024-12-30,28.6,Fear
2024-12-31,26.31,Fear
2025-01-02,24.31,Fear
2025-01-03,28.89,Fear
2025-01-06,33.77,Fear
2025-01-07,34.31,Fear
2025-01-08,31.91,Fear
2025-01-10,25.63,Fear
2025-01-13,25.34,Fear
2025-01-14,25.14,Fear
2025-01-15,27.43,Fear
2025-01-16,27.34,Fear
2025-01-17,36.03,Fear
2025-01-21,39.91,Fear
2025-01-22,41.63,Fear
2025-01-23,43.69,Fear
2025-01-24,45.8,Fear
2025-01-27,37.97,Fear
2025-01-28,40.63,Fear
2025-01-29,42.4,Fear
2025-01-30,45.91,Fear
2025-01-31,43.77,Fear
2025-02-01,45.8,neutral
2025-02-03,37.4,Fear
2025-02-04,37.14,Fear
2025-02-05,38.63,Fear
2025-02-06,39.69,Fear
2025-02-07,38.37,Fear
2025-02-10,44.71,Fear
2025-02-11,45.4,Fear
2025-02-12,41.37,Fear
2025-02-13,46.6,Fear
2025-02-14,43.69,Fear
2025-02-17,44.49,fear
2025-02-18,46.8,Fear
2025-02-19,47.63,Fear
2025-02-20,44.23,Fear
2025-02-21,36.97,Fear
2025-02-24,29.54,Fear
2025-02-25,24.2,Fear
2025-02-26,21.26,Extreme Fear
2025-02-27,12.76,Extreme Fear
2025-02-28,20.66,Extreme Fear
2025-03-01,19.71,extreme fear
2025-03-02,19.71,extreme fear
2025-03-03,12.34,Extreme Fear
2025-03-04,11.04,Extreme Fear
2025-03-05,11.51,Extreme Fear
2025-03-06,17.2,Extreme Fear
2025-03-07,17.64,Extreme Fear
2025-03-08,16.6,extreme fear
2025-03-09,20.49,extreme fear
2025-03-10,17.07,Extreme Fear
2025-03-11,15.11,Extreme Fear
2025-03-12,15.91,Extreme Fear
2025-03-13,15.19,Extreme Fear
2025-03-14,22.06,Extreme Fear
2025-03-17,22.57,Extreme Fear
2025-03-18,22.23,Extreme Fear
2025-03-19,21.6,Extreme Fear
2025-03-20,21.69,Extreme Fear
2025-03-21,22.69,Extreme Fear
2025-03-23,22.57,extreme fear
2025-03-24,25.4,Fear
2025-03-25,29.29,Fear
2025-03-26,28.89,fear
2025-03-27,28.34,fear
2025-03-28,26.37,fear
2025-03-31,21.11,extreme fear
2025-04-01,19.57,extreme fear
2025-04-02,22.6,extreme fear
2025-04-03,12.14,extreme fear
2025-04-04,5.39,extreme fear
2025-04-07,4.0,extreme fear
2025-04-08,2.9,extreme fear
2025-04-09,9.5,extreme fear
2025-04-10,5.61,extreme fear
2025-04-11,8.39,extreme fear
2025-04-14,12.34,extreme fear
2025-04-15,13.11,extreme fear
2025-04-16,11.14,extreme fear
2025-04-17,16.06,extreme fear
2025-04-21,12.37,extreme fear
2025-04-22,13.6,extreme fear
2025-04-23,21.54,extreme fear
2025-04-24,24.09,extreme fear
2025-04-25,34.51,fear
2025-04-28,32.14,fear
2025-04-29,32.74,fear
2025-04-30,32.37,fear
2025-05-01,41.26,fear
2025-05-02,38.29,fear
2025-05-05,53.06,neutral
2025-05-06,54.66,neutral
2025-05-07,54.14,neutral
2025-05-08,57.66,greed
2025-05-09,60.03,greed
2025-05-12,64.49,greed
2025-05-13,68.2,greed
2025-05-14,70.4,greed
2025-05-15,69.14,greed
2025-05-16,70.6,greed
2025-05-19,69.74,greed
2025-05-20,69.17,greed
2025-05-21,66.23,greed
2025-05-22,66.8,greed
2025-05-23,64.09,greed
2025-05-27,65.74,greed
2025-05-28,64.74,greed
2025-05-29,64.46,greed
2025-05-30,61.91,greed
2025-06-02,62.43,greed
2025-06-03,54.57,neutral
2025-06-04,54.89,neutral
2025-06-05,57.97,greed
2025-06-06,61.77,greed
2025-06-09,63.43,greed
2025-06-10,64.0,greed
2025-06-11,64.2,greed
2025-06-12,64.6,greed
2025-06-13,59.54,greed
2025-06-16,61.11,greed
2025-06-17,57.43,greed
2025-06-18,54.29,neutral
2025-06-20,54.51,neutral
2025-06-23,56.6,greed
2025-06-24,57.89,greed
2025-06-25,59.26,greed
2025-06-26,63.0,greed
2025-06-27,64.8,greed
2025-06-30,69.23,greed
2025-07-01,67.54,greed
2025-07-02,63.71,greed
2025-07-03,77.63,extreme greed
2025-07-07,75.09,extreme greed
2025-07-08,74.63,greed
2025-07-09,75.91,extreme greed
2025-07-10,76.97,extreme greed
2025-07-11,75.26,extreme greed
2025-07-14,76.11,extreme greed
2025-07-15,73.49,greed
2025-07-16,72.94,greed
2025-07-17,74.17,greed
2025-07-18,73.94,greed
2025-07-21,73.29,greed
2025-07-22,73.89,greed
2025-07-23,76.37,extreme greed
2025-07-24,75.26,extreme greed
2025-07-25,74.66,greed
2025-07-28,73.8,greed
2025-07-29,70.63,greed
2025-07-30,68.03,greed
2025-07-31,63.71,greed
2025-08-01,49.8,neutral
2025-08-04,56.89,greed
2025-08-05,55.03,greed
2025-08-06,55.31,greed
2025-08-07,54.71,neutral
2025-08-08,58.37,greed
2025-08-11,57.63,greed
2025-08-12,62.26,greed
2025-08-13,63.34,greed
2025-08-14,63.26,greed
2025-08-15,63.54,greed
2025-08-18,64.2,greed
2025-08-19,59.89,greed
2025-08-20,55.91,greed
2025-08-21,52.6,neutral
2025-08-22,55.54,greed
2025-08-25,53.94,neutral
2025-08-26,55.4,greed
2025-08-27,59.11,greed
2025-08-28,64.43,greed
2025-08-29,61.54,greed
2025-09-02,62.46,greed
2025-09-03,61.37,greed
2025-09-04,61.17,greed
2025-09-05,58.69,greed
2025-09-08,58.23,greed
2025-09-09,57.94,greed
2025-09-10,57.94,greed
2025-09-11,60.34,greed
2025-09-12,61.34,greed
2025-09-15,64.46,greed
2025-09-16,64.37,greed
2025-09-17,63.77,greed
2025-09-18,66.54,greed
2025-09-19,66.23,greed
2025-09-22,66.51,greed
2025-09-23,56.77,greed
2025-09-24,54.57,neutral
2025-09-25,50.66,neutral
2025-09-26,51.29,neutral
2025-09-29,50.97,neutral
2025-09-30,51.4,neutral
2025-10-01,52.49,neutral
2025-10-02,54.54,neutral
2025-10-03,52.57,neutral
2025-10-06,53.97,neutral
2025-10-07,51.86,neutral
2025-10-08,52.94,neutral
2025-10-09,48.63,neutral
2025-10-10,30.14,fear
2025-10-13,29.74,fear
2025-10-14,28.29,fear
2025-10-15,27.41,fear
2025-10-16,23.11,extreme fear
2025-10-17,22.33,extreme fear
2025-10-20,29.86,fear
2025-10-21,28.54,fear
2025-10-22,26.37,fear
2025-10-23,27.57,fear
2025-10-24,32.46,fear
2025-10-27,37.34,fear
2025-10-28,39.34,fear
2025-10-29,42.11,fear
2025-10-30,37.06,fear
2025-10-31,34.46,fear
2025-11-03,32.6,fear
2025-11-04,20.94,extreme fear
2025-11-05,23.06,extreme fear
2025-11-06,24.34,extreme fear
2025-11-07,20.43,extreme fear
2025-11-10,29.94,fear
2025-11-11,30.46,fear
2025-11-12,34.57,fear
2025-11-13,24.54,extreme fear
2025-11-14,22.06,extreme fear
2025-11-17,11.64,extreme fear
2025-11-18,8.9,extreme fear
2025-11-19,7.86,extreme fear
2025-11-20,5.17,extreme fear
2025-11-21,5.66,extreme fear
2025-11-24,13.69,extreme fear
2025-11-25,15.03,extreme fear
2025-11-26,17.66,extreme fear
2025-11-28,21.77,extreme fear
2025-12-01,22.09,extreme fear
2025-12-02,23.26,extreme fear
2025-12-03,24.77,extreme fear
2025-12-04,36.03,fear
2025-12-05,38.14,fear
2025-12-08,40.77,fear
2025-12-09,40.94,fear
2025-12-10,36.37,fear
2025-12-11,43.74,fear
2025-12-12,39.29,fear
2025-12-15,49.31,neutral
2025-12-16,46.4,neutral
2025-12-17,37.69,fear
2025-12-18,42.37,fear
2025-12-19,44.2,fear
2025-12-22,54.89,neutral
2025-12-23,58.57,greed
2025-12-24,58.0,greed
2025-12-26,54.86,neutral
2025-12-29,47.89,neutral
2025-12-30,46.11,neutral
2025-12-31,43.26,fear
2026-01-02,45.23,neutral
2026-01-05,47.6,neutral
2026-01-06,52.86,neutral
2026-01-07,48.57,neutral
2026-01-08,48.37,neutral
2026-01-09,54.11,neutral
2026-01-12,58.0,greed
2026-01-13,59.09,greed
2026-01-14,58.63,greed
2026-01-15,63.66,greed
2026-01-16,63.77,greed
2026-01-20,50.86,neutral
2026-01-21,53.86,neutral
2026-01-22,54.77,neutral
2026-01-23,54.89,neutral
2026-01-26,57.66,greed
2026-01-27,64.97,greed
2026-01-28,65.54,greed
2026-01-29,63.83,greed
2026-01-30,58.6,greed
2026-02-02,63.4,greed
2026-02-03,43.34,fear
2026-02-04,47.23,neutral
2026-02-06,46.85,neutral
2026-02-09,51.57,neutral
2026-02-10,51.66,neutral
2026-02-11,53.8,neutral
2026-02-12,38.11,fear
2026-02-13,37.77,fear
2026-02-17,40.87,fear
2026-02-18,41.91,fear
2026-02-19,39.56,fear
2026-02-20,44.41,fear
2026-02-23,36.97,fear
2026-02-24,43.29,fear
2026-02-25,45.8,neutral
2026-02-26,42.17,fear
2026-02-27,38.03,fear
2026-03-02,33.65,fear
2026-03-03,33.2,fear
2026-03-04,37.16,fear
2026-03-05,28.33,fear
2026-03-06,25.15,fear
2026-03-09,27.67,fear
2026-03-10,26.05,fear
2026-03-11,25.13,fear
2026-03-12,22.53,extreme fear
2026-03-13,22.63,extreme fear
2026-03-16,21.63,extreme fear
2026-03-17,21.71,extreme fear
2026-03-18,15.44,extreme fear
2026-03-19,17.31,extreme fear
2026-03-20,16.49,extreme fear
2026-03-23,14.94,extreme fear
2026-03-24,18.8,extreme fear
2026-03-25,18.46,extreme fear
2026-03-26,18.46,extreme fear
2026-03-27,15.36,extreme fear
2026-03-30,10.23,extreme fear
